{"clientId": "e38386d9-3802-4709-a1fa-cc0c88d0a4a2", "clientSecret": "3ho1yD.JEZhEzn8DSesG-61F.X9ZFyPmdy", "subscriptionId": "40106117-b501-460a-b836-6294f5cd0cdf", "tenantId": "eb36d020-2c35-44de-bc7a-554cc979b26d", "activeDirectoryEndpointUrl": "https://login.microsoftonline.com", "resourceManagerEndpointUrl": "https://management.azure.com/", "activeDirectoryGraphResourceId": "https://graph.windows.net/", "sqlManagementEndpointUrl": "https://management.core.windows.net:8443/", "galleryEndpointUrl": "https://gallery.azure.com/", "managementEndpointUrl": "https://management.core.windows.net/"}